1,Sophia,girl
1,Jackson,boy
2,Olivia,girl
2,Liam,boy
3,Emma,girl
3,Noah,boy
4,Ava,girl
4,Aiden,boy
5,Isabella,girl
5,Lucas,boy
6,Mia,girl
6,Caden,boy
7,Aria,girl
7,Grayson,boy
8,Riley,girl
8,Mason,boy
9,Zoe,girl
9,Elijah,boy
10,Amelia,girl
10,Logan,boy
11,Layla,girl
11,Oliver,boy
12,Charlotte,girl
12,Ethan,boy
13,Aubrey,girl
13,Jayden,boy
14,Lily,girl
14,Muhammad,boy
15,Chloe,girl
15,Carter,boy
16,Harper,girl
16,Michael,boy
17,Evelyn,girl
17,Sebastian,boy
18,Adalyn,girl
18,Alexander,boy
19,Emily,girl
19,Jacob,boy
20,Abigail,girl
20,Benjamin,boy
21,Madison,girl
21,James,boy
22,Aaliyah,girl
22,Ryan,boy
23,Avery,girl
23,Matthew,boy
24,Ella,girl
24,Daniel,boy
25,Scarlett,girl
25,Jayce,boy
26,Maya,girl
26,Mateo,boy
27,Mila,girl
27,Caleb,boy
28,Nora,girl
28,Luke,boy
29,Camilla,girl
29,Julian,boy
30,Arianna,girl
30,Jack,boy
31,Eliana,girl
31,William,boy
32,Hannah,girl
32,Wyatt,boy
33,Leah,girl
33,Gabriel,boy
34,Ellie,girl
34,Connor,boy
35,Kaylee,girl
35,Henry,boy
36,Kinsley,girl
36,Isaiah,boy
37,Hailey,girl
37,Isaac,boy
38,Madelyn,girl
38,Owen,boy
39,Paisley,girl
39,Levi,boy
40,Elizabeth,girl
40,Cameron,boy
41,Addison,girl
41,Nicholas,boy
42,Isabelle,girl
42,Josiah,boy
43,Anna,girl
43,Lincoln,boy
44,Sarah,girl
44,Dylan,boy
45,Brooklyn,girl
45,Samuel,boy
46,Mackenzie,girl
46,John,boy
47,Victoria,girl
47,Nathan,boy
48,Luna,girl
48,Leo,boy
49,Penelope,girl
49,David,boy
50,Grace,girl
50,Adam,boy
51,Elena,girl
51,Eli,boy
52,Peyton,girl
52,Landon,boy
53,Lillian,girl
53,Joseph,boy
54,Skyler,girl
54,Christian,boy
55,Natalie,girl
55,Ian,boy
56,Charlie,girl
56,Anthony,boy
57,Stella,girl
57,Brayden,boy
58,Savannah,girl
58,Aaron,boy
59,Kennedy,girl
59,Hunter,boy
60,Lila,girl
60,Adrian,boy
61,Liliana,girl
61,Joshua,boy
62,Bella,girl
62,Andrew,boy
63,Callie,girl
63,Carson,boy
64,Audrey,girl
64,Dominic,boy
65,Lucy,girl
65,Asher,boy
66,Aurora,girl
66,Colton,boy
67,Hazel,girl
67,Christopher,boy
68,Makayla,girl
68,Jordan,boy
69,Violet,girl
69,Bryson,boy
70,Reagan,girl
70,Ezra,boy
71,Emery,girl
71,Easton,boy
72,Emilia,girl
72,Xavier,boy
73,Gabriella,girl
73,Jeremiah,boy
74,Maria,girl
74,Zane,boy
75,Sophie,girl
75,Luca,boy
76,Claire,girl
76,Charlie,boy
77,Everly,girl
77,Nolan,boy
78,Allison,girl
78,Hudson,boy
79,Eva,girl
79,Damian,boy
80,Eleanor,girl
80,Thomas,boy
81,Melanie,girl
81,Max,boy
82,Kylie,girl
82,Evan,boy
83,Nevaeh,girl
83,Jonathan,boy
84,Alice,girl
84,Miles,boy
85,Adeline,girl
85,Elliot,boy
86,Alaina,girl
86,Elias,boy
87,Gianna,girl
87,Austin,boy
88,London,girl
88,Kai,boy
89,Naomi,girl
89,Ezekiel,boy
90,Bailey,girl
90,Xander,boy
91,Serenity,girl
91,Maverick,boy
92,Jocelyn,girl
92,Chase,boy
93,Juliana,girl
93,Tristan,boy
94,Julia,girl
94,Jason,boy
95,Isla,girl
95,Cooper,boy
96,Sadie,girl
96,Jameson,boy
97,Ariel,girl
97,Gavin,boy
98,Caroline,girl
98,Alex,boy
99,Jasmine,girl
99,Eric,boy
100,Clara,girl
100,Bentley,boy
